原文件名,分类目录,材质推测,光效类型,来源
10.mp4,03_高阶单色流光_黄金切边,待视觉确认,待视觉确认,G盘
12.mp4,01_双通道大字典范_独立轮廓填充,待视觉确认,待视觉确认,G盘
13.mp4,01_双通道大字典范_独立轮廓填充,待视觉确认,待视觉确认,G盘
14.mp4,01_双通道大字典范_独立轮廓填充,待视觉确认,待视觉确认,G盘
15.mp4,01_双通道大字典范_独立轮廓填充,待视觉确认,待视觉确认,G盘
16.mp4,01_双通道大字典范_独立轮廓填充,待视觉确认,待视觉确认,G盘
17.mp4,04_长条多色跑动_WS2815,待视觉确认,待视觉确认,G盘
18.mp4,04_长条多色跑动_WS2815,待视觉确认,待视觉确认,G盘
19.mp4,04_长条多色跑动_WS2815,待视觉确认,待视觉确认,G盘
2.mp4,02_单通道整体幻彩_拼色双轨,待视觉确认,待视觉确认,G盘
20.mp4,04_长条多色跑动_WS2815,待视觉确认,待视觉确认,G盘
21.mp4,04_长条多色跑动_WS2815,待视觉确认,待视觉确认,G盘
22.mp4,04_长条多色跑动_WS2815,待视觉确认,待视觉确认,G盘
23.mp4,04_长条多色跑动_WS2815,待视觉确认,待视觉确认,G盘
24.mp4,04_长条多色跑动_WS2815,待视觉确认,待视觉确认,G盘
25.mp4,04_长条多色跑动_WS2815,待视觉确认,待视觉确认,G盘
26.mp4,04_长条多色跑动_WS2815,待视觉确认,待视觉确认,G盘
27.mp4,04_长条多色跑动_WS2815,待视觉确认,待视觉确认,G盘
28.mp4,04_长条多色跑动_WS2815,待视觉确认,待视觉确认,G盘
29.mp4,04_长条多色跑动_WS2815,待视觉确认,待视觉确认,G盘
3.mp4,02_单通道整体幻彩_拼色双轨,待视觉确认,待视觉确认,G盘
30.mp4,05_超长线性推进_岩浆流淌,待视觉确认,待视觉确认,G盘
31.mp4,05_超长线性推进_岩浆流淌,待视觉确认,待视觉确认,G盘
32.mp4,05_超长线性推进_岩浆流淌,待视觉确认,待视觉确认,G盘
33.mp4,05_超长线性推进_岩浆流淌,待视觉确认,待视觉确认,G盘
34.mp4,05_超长线性推进_岩浆流淌,待视觉确认,待视觉确认,G盘
35.mp4,05_超长线性推进_岩浆流淌,待视觉确认,待视觉确认,G盘
36.mp4,05_超长线性推进_岩浆流淌,待视觉确认,待视觉确认,G盘
37.mp4,05_超长线性推进_岩浆流淌,待视觉确认,待视觉确认,G盘
38.mp4,05_超长线性推进_岩浆流淌,待视觉确认,待视觉确认,G盘
39.mp4,05_超长线性推进_岩浆流淌,待视觉确认,待视觉确认,G盘
4.mp4,02_单通道整体幻彩_拼色双轨,待视觉确认,待视觉确认,G盘
40.mp4,05_超长线性推进_岩浆流淌,待视觉确认,待视觉确认,G盘
41.mp4,05_超长线性推进_岩浆流淌,待视觉确认,待视觉确认,G盘
42.mp4,05_超长线性推进_岩浆流淌,待视觉确认,待视觉确认,G盘
43.mp4,05_超长线性推进_岩浆流淌,待视觉确认,待视觉确认,G盘
44.mp4,05_超长线性推进_岩浆流淌,待视觉确认,待视觉确认,G盘
45.mp4,05_超长线性推进_岩浆流淌,待视觉确认,待视觉确认,G盘
46.mp4,05_超长线性推进_岩浆流淌,待视觉确认,待视觉确认,G盘
47.mp4,05_超长线性推进_岩浆流淌,待视觉确认,待视觉确认,G盘
48.mp4,05_超长线性推进_岩浆流淌,待视觉确认,待视觉确认,G盘
49.mp4,05_超长线性推进_岩浆流淌,待视觉确认,待视觉确认,G盘
5.mp4,02_单通道整体幻彩_拼色双轨,待视觉确认,待视觉确认,G盘
50.mp4,05_超长线性推进_岩浆流淌,待视觉确认,待视觉确认,G盘
51.mp4,05_超长线性推进_岩浆流淌,待视觉确认,待视觉确认,G盘
53.mp4,05_超长线性推进_岩浆流淌,待视觉确认,待视觉确认,G盘
54.mp4,01_双通道大字典范_独立轮廓填充,待视觉确认,待视觉确认,G盘
6.mp4,03_高阶单色流光_黄金切边,待视觉确认,待视觉确认,G盘
7.mp4,03_高阶单色流光_黄金切边,待视觉确认,待视觉确认,G盘
8.mp4,03_高阶单色流光_黄金切边,待视觉确认,待视觉确认,G盘
9.mp4,03_高阶单色流光_黄金切边,待视觉确认,待视觉确认,G盘
